Silhouette Score,Calinski-Harabasz Score,Davies-Bouldin Score
0.7645285760270335,29980.553087163353,0.9393444393262271
